"SECCIO_CENSAL","HOMES","DONES","EDAT_0_A_14","EDAT_15_A_24","EDAT_25_A_64","EDAT_65_A_MES","NACIONALS","COMUNITARIS","ESTRANGERS"
"01001","706","589","141","113","836","205","684","149","462"
"01002","777","691","148","184","936","200","597","195","676"
"01003","2041","1633","714","504","2064","392","1853","279","1542"
"01004","1617","1343","352","323","1981","304","1516","343","1101"
"01005","1293","1144","310","242","1567","318","1238","338","861"
"01006","920","680","161","186","1068","185","673","272","655"
"01007","1218","816","277","186","1424","147","888","259","887"
"01008","1977","1349","442","388","2112","384","1363","283","1680"
"01009","1208","1019","308","210","1455","254","1064","202","961"
"01010","1393","1132","374","293","1654","204","985","238","1302"
"01011","1817","1435","460","378","2148","266","1332","297","1623"
"01012","996","943","227","178","1299","235","981","214","744"
"01013","700","748","180","105","941","222","802","122","524"
"01014","1192","944","221","218","1461","236","1044","158","934"
"01015","1214","1165","325","212","1591","251","1062","266","1051"
"01016","1110","1088","277","213","1482","226","978","233","987"
"01017","1291","1313","336","287","1730","251","1161","263","1180"
"01018","794","752","187","164","987","208","808","167","571"
"01019","1622","1370","348","301","2027","316","1264","392","1336"
"01020","1054","1140","145","205","1472","372","1214","458","522"
"01021","1095","1045","159","171","1501","309","1126","389","625"
"01022","823","726","97","186","1054","212","741","307","501"
"01023","1032","1082","147","178","1497","292","1143","412","559"
"01025","697","679","92","129","1001","154","627","387","362"
"01026","6669","1845","485","987","6637","405","1556","551","6407"
"01027","754","796","93","148","1086","223","804","365","381"
"01028","938","958","138","200","1331","227","871","524","501"
"01029","725","709","94","172","1016","152","585","418","431"
"01030","1244","1226","215","254","1623","378","1259","491","720"
"01031","845","754","133","157","1126","183","709","358","532"
"01032","911","897","102","138","1273","295","1013","391","404"
"01033","568","553","82","77","786","176","602","214","305"
"01034","455","481","50","95","639","152","534","220","182"
"01035","636","628","78","122","858","206","692","284","288"
"01036","563","629","105","122","725","240","884","136","172"
"01037","650","734","127","126","852","279","980","198","206"
"01038","841","705","102","135","1133","176","722","376","448"
"01039","680","679","91","125","917","226","823","239","297"
"01040","537","560","81","84","736","196","587","268","242"
"01041","788","790","119","129","1170","160","725","383","470"
"01042","813","952","159","146","999","461","1334","204","227"
"01043","833","783","160","137","1121","198","925","377","314"
"01044","668","745","141","113","968","191","845","310","258"
"01045","995","994","115","134","1491","249","980","550","459"
"01046","930","862","131","149","1300","212","834","509","449"
"01047","813","904","126","143","1189","259","928","362","427"
"01048","1027","1063","205","210","1425","250","1106","428","556"
"01049","730","804","205","149","974","206","800","289","445"
"01050","776","790","146","127","1086","207","813","347","406"
"01051","950","909","172","152","1369","166","891","413","555"
"01052","1606","1250","254","645","1621","336","1408","528","920"
"01053","888","971","141","144","1226","348","1133","352","374"
"01054","636","602","89","96","877","176","668","286","284"
"01055","649","688","152","98","762","325","954","216","167"
"02001","625","654","164","112","775","228","926","119","234"
"02002","1901","1599","357","345","2271","527","1631","246","1623"
"02003","504","653","94","157","596","310","914","101","142"
"02004","755","783","154","145","938","301","1026","200","312"
"02005","936","1117","213","167","1129","544","1652","139","262"
"02006","793","887","198","141","941","400","1244","191","245"
"02007","568","719","116","97","744","330","956","171","160"
"02008","882","1025","205","194","1086","422","1447","236","224"
"02009","841","986","219","149","1094","365","1346","174","307"
"02010","581","660","143","108","716","274","949","117","175"
"02011","550","570","91","111","646","272","925","105","90"
"02012","770","798","174","139","912","343","1157","125","286"
"02013","577","606","134","112","747","190","851","158","174"
"02014","675","700","164","115","893","203","980","186","209"
"02015","762","823","155","133","973","324","1106","165","314"
"02016","853","1020","193","137","1108","435","1482","167","224"
"02017","886","1045","206","184","1144","397","1486","184","261"
"02018","843","992","206","160","970","499","1445","164","226"
"02019","936","1049","225","155","1169","436","1499","187","299"
"02020","700","791","135","140","967","249","1009","195","287"
"02021","723","803","164","105","911","346","1162","147","217"
"02022","650","674","145","137","779","263","1003","68","253"
"02023","471","570","76","71","630","264","893","58","90"
"02024","517","624","94","90","735","222","783","88","270"
"02025","560","607","117","100","673","277","897","103","167"
"02026","986","1191","213","223","1276","465","1624","150","403"
"02027","952","1115","231","156","1205","475","1582","160","325"
"02028","946","1132","200","193","1217","468","1579","137","362"
"02029","597","706","164","94","750","295","1031","94","178"
"02030","631","737","173","117","831","247","970","106","292"
"02031","475","568","119","86","542","296","888","60","95"
"02032","510","653","110","92","611","350","938","84","141"
"02033","562","653","133","92","721","269","961","89","165"
"02034","538","690","112","92","740","284","845","105","278"
"02035","586","718","107","101","747","349","1016","90","198"
"02036","526","659","121","91","702","271","971","89","125"
"02037","583","616","109","114","687","289","1029","89","81"
"02038","744","815","114","198","957","290","1277","88","194"
"02039","770","984","176","153","1067","358","1336","157","261"
"02040","810","890","170","129","1087","314","1158","182","360"
"02041","761","927","163","135","947","443","1315","130","243"
"02042","714","865","126","126","835","492","1397","63","119"
"02043","718","786","176","138","880","310","1231","76","197"
"02044","588","705","142","107","717","327","962","101","230"
"02045","527","622","120","90","639","300","903","76","170"
"02046","921","1040","237","162","1180","382","1486","127","348"
"02047","912","1025","207","194","1076","460","1483","114","340"
"02048","579","692","136","113","776","246","889","111","271"
"02049","985","1153","195","147","1322","474","1426","221","491"
"02050","753","902","147","135","1052","321","1153","187","315"
"02051","898","1021","154","171","1202","392","1250","241","428"
"02052","857","981","178","167","1151","342","1280","214","344"
"02053","861","998","178","155","1156","370","1382","182","295"
"02054","852","1011","231","130","1060","442","1449","167","247"
"02055","855","960","175","159","1072","409","1425","149","241"
"02056","659","807","161","122","891","292","1092","184","190"
"02057","596","686","179","109","680","314","1038","138","106"
"02058","646","741","160","111","766","350","1147","104","136"
"02059","731","938","196","121","967","385","1298","151","220"
"02060","772","953","223","147","965","390","1322","176","227"
"02061","599","753","132","132","838","250","985","149","218"
"02062","718","786","178","136","897","293","1137","210","157"
"02063","497","741","127","122","603","386","957","142","139"
"02064","613","716","159","117","729","324","1028","160","141"
"02065","914","1009","231","163","1196","333","1418","253","252"
"02066","811","953","175","133","995","461","1417","147","200"
"02067","777","898","193","134","1082","266","1171","239","265"
"02068","755","862","182","109","978","348","1193","212","212"
"02069","629","727","164","129","757","306","1046","162","148"
"02070","572","692","127","148","720","269","939","152","173"
"02071","808","895","197","155","1014","337","1328","209","166"
"02072","593","612","138","129","670","268","977","127","101"
"02073","748","884","172","170","978","312","1211","245","176"
"02074","616","644","142","133","765","220","820","231","209"
"02075","619","690","144","133","778","254","885","243","181"
"02076","759","857","185","167","934","330","1203","204","209"
"02077","850","804","133","173","1047","301","1022","266","366"
"02078","626","718","140","144","748","312","880","197","267"
"02079","667","701","143","154","790","281","911","173","284"
"02080","785","780","172","142","915","336","1105","190","270"
"02081","960","1140","203","202","1211","484","1549","237","314"
"02082","427","479","72","90","516","228","690","116","100"
"02083","838","987","199","207","1009","410","1321","218","286"
"02084","932","1135","206","184","1275","402","1573","228","266"
"02085","616","796","143","129","861","279","1046","202","164"
"02086","667","777","184","153","860","247","1129","144","171"
"02087","677","803","166","134","882","298","1142","134","204"
"02088","775","891","155","170","983","358","1263","195","208"
"02089","863","963","171","176","1141","338","1341","231","254"
"02090","781","922","162","140","1085","316","1162","216","325"
"02091","945","944","145","184","1231","329","1252","258","379"
"02092","1432","1017","139","223","1751","336","1214","327","908"
"02093","807","873","137","165","1033","345","1234","182","264"
"02094","727","773","121","106","931","342","1080","163","257"
"02095","762","783","136","138","961","310","1123","176","246"
"02096","685","755","121","109","884","326","1021","181","238"
"02097","508","562","108","82","664","216","785","111","174"
"02098","698","803","142","130","945","284","1045","182","274"
"02099","755","847","165","176","968","293","1180","161","261"
"02100","629","698","103","103","798","323","1087","98","142"
"02101","1039","1181","245","170","1268","537","1632","213","375"
"02102","624","784","156","137","763","352","1200","93","115"
"02103","777","894","159","113","1053","346","1231","154","286"
"02104","527","646","143","94","621","315","962","54","157"
"02105","943","1160","203","183","1277","440","1585","192","326"
"02106","658","756","183","112","809","310","1127","110","177"
"02107","750","914","175","155","899","435","1378","131","155"
"02108","749","920","224","126","880","439","1383","115","171"
"02109","934","1117","235","220","1072","524","1740","125","186"
"02110","881","1047","246","167","1161","354","1460","157","311"
"02111","835","998","208","136","1090","399","1427","128","278"
"02112","605","697","127","101","659","415","1133","75","94"
"02113","1072","1172","318","180","1134","612","1871","108","265"
"02114","760","921","158","138","908","477","1373","94","214"
"02115","623","738","160","127","762","312","1068","89","204"
"02116","467","547","119","96","548","251","898","28","88"
"02117","541","682","143","75","650","355","978","75","170"
"02118","692","804","152","140","898","306","1199","104","193"
"02119","604","669","129","84","712","348","1080","57","136"
"02120","558","607","88","89","681","307","965","78","122"
"02121","592","671","136","112","722","293","1024","81","158"
"02122","472","580","96","92","562","302","900","56","96"
"02123","540","581","98","78","681","264","866","108","147"
"02124","488","594","114","81","565","322","952","45","85"
"02125","763","918","175","124","909","473","1437","79","165"
"02126","665","792","131","127","797","402","1235","82","140"
"02127","549","597","107","91","705","243","860","96","190"
"02128","603","716","126","102","808","283","987","99","233"
"02129","676","838","125","119","860","410","1205","70","239"
"02130","526","599","122","86","565","352","1004","40","81"
"02131","534","636","125","95","664","286","881","82","207"
"02132","524","555","104","74","629","272","873","48","158"
"02133","378","465","72","58","409","304","728","31","84"
"02134","707","777","130","118","834","402","1171","100","213"
"02135","1024","1143","220","180","1361","406","1636","182","349"
"02136","407","487","78","72","507","237","739","51","104"
"02137","705","770","139","132","918","286","1041","138","296"
"02138","926","1032","206","175","1093","484","1590","127","241"
"02139","783","888","149","137","1079","306","1178","204","289"
"02140","873","1035","196","158","1144","410","1532","133","243"
"02141","558","620","110","112","682","274","897","66","215"
"02142","943","1081","206","191","1238","389","1506","154","364"
"02143","700","693","138","111","852","292","999","149","245"
"02144","729","832","135","165","963","298","1121","175","265"
"02145","592","648","121","102","798","219","879","116","245"
"02146","553","641","103","100","722","269","907","104","183"
"02147","1026","1152","211","202","1319","446","1639","175","364"
"02148","717","873","155","123","946","366","1259","126","205"
"02149","883","929","204","151","1132","325","1350","161","301"
"02150","722","802","150","123","952","299","1052","157","315"
"02151","704","810","145","131","949","289","1080","169","265"
"02152","576","701","113","95","666","403","1016","99","162"
"02153","632","721","149","106","719","379","1112","68","173"
"02154","533","571","106","80","714","204","729","123","252"
"02155","867","1011","187","160","1047","484","1458","134","286"
"02156","609","667","98","104","687","387","1035","76","165"
"02157","566","663","135","109","678","307","928","96","205"
"02158","762","829","164","123","886","418","1259","117","215"
"02159","946","1009","218","182","1166","389","1447","164","344"
"02160","944","1035","194","167","1160","458","1570","142","267"
"02161","573","628","114","114","744","229","870","149","182"
"02162","692","747","128","133","848","330","1064","109","266"
"02163","862","970","157","145","1131","399","1384","184","264"
"02164","716","750","137","129","944","256","982","195","289"
"02165","821","881","176","119","1058","349","1262","169","271"
"02166","1005","1103","241","164","1303","400","1491","219","398"
"02167","1032","1118","239","191","1206","514","1692","165","293"
"02168","1060","1212","258","157","1407","450","1649","227","396"
"02169","753","813","152","114","996","304","1168","172","226"
"02170","708","817","145","132","903","345","1182","116","227"
"02171","793","865","185","132","967","374","1201","135","322"
"02172","757","818","164","114","1015","282","1123","162","290"
"02173","724","795","151","136","925","307","1177","129","213"
"03001","809","874","174","138","978","393","1251","139","293"
"03002","936","980","191","155","1227","343","1303","203","410"
"03003","834","889","193","152","1111","267","1086","153","484"
"03004","780","851","168","121","1020","322","1163","143","325"
"03005","582","644","136","80","714","296","869","109","248"
"03006","702","713","166","117","919","213","909","178","328"
"03007","811","892","201","148","1037","317","1157","169","377"
"03008","554","613","129","88","735","215","792","117","258"
"03009","592","653","116","93","788","248","871","111","263"
"03010","1015","912","197","208","1265","257","1152","218","557"
"03011","877","882","218","173","1156","212","1028","191","540"
"03012","1063","1122","206","203","1442","334","1323","305","557"
"03013","915","922","196","200","1230","211","1066","292","479"
"03014","893","893","181","159","1197","249","1072","251","463"
"03015","1490","1538","325","303","1964","436","1797","417","814"
"03016","593","658","133","115","829","174","722","160","369"
"03017","847","837","197","152","1137","198","950","265","469"
"03018","887","864","199","163","1063","326","1190","158","403"
"03019","739","825","190","124","1012","238","971","150","443"
"03020","628","593","106","93","704","318","938","89","194"
"03021","514","583","107","88","587","315","867","77","153"
"03022","726","719","157","127","872","289","1046","139","260"
"03023","945","963","227","153","1249","279","1270","227","411"
"03024","1052","1025","256","187","1373","261","1355","290","432"
"03025","678","641","164","103","822","230","1132","25","162"
"03026","493","538","105","81","465","380","908","24","99"
"03027","841","920","200","239","927","395","1554","55","152"
"03028","1307","1363","498","305","1538","329","2096","106","468"
"03029","638","678","144","146","777","249","1148","41","127"
"03030","738","872","167","170","930","343","1303","62","245"
"03031","1177","1278","288","253","1320","594","2165","52","238"
"03032","827","892","262","149","983","325","1398","74","247"
"03033","757","743","198","163","854","285","1050","41","409"
"03034","732","806","170","169","895","304","1280","27","231"
"03035","1093","1185","227","212","1272","567","1945","57","276"
"03036","1165","1259","305","251","1381","487","2033","99","292"
"03037","497","545","91","118","661","172","936","16","90"
"03038","455","508","136","119","490","218","879","12","72"
"03039","1232","1329","414","273","1447","427","1947","80","534"
"03040","688","789","123","123","803","428","1280","69","128"
"03041","671","748","151","145","812","311","1102","101","216"
"03042","684","720","136","142","852","274","1047","94","263"
"03043","743","899","139","152","898","453","1247","121","274"
"03044","899","995","186","178","1177","353","1343","129","422"
"03045","520","547","127","70","653","217","831","109","127"
"03046","663","756","99","112","802","406","1153","93","173"
"03047","850","936","185","151","1137","313","1369","131","286"
"03048","637","704","114","90","803","334","1049","80","212"
"03049","782","864","183","108","976","379","1216","145","285"
"03050","814","828","148","118","1073","303","1215","177","250"
"03051","981","989","250","190","1284","246","1311","179","480"
"03052","609","698","159","123","837","188","924","116","267"
"03053","1055","1149","296","171","1363","374","1506","178","520"
"03054","812","869","152","141","985","403","1336","105","240"
"03055","760","843","142","122","977","362","1247","114","242"
"03056","425","513","97","75","516","250","728","50","160"
"03057","698","787","140","109","826","410","1280","58","147"
"03058","812","954","238","137","1038","353","1482","102","182"
"03059","599","626","153","84","700","288","975","51","199"
"03060","691","710","144","108","792","357","1209","54","138"
"03061","539","600","115","98","643","283","898","56","185"
"03062","737","846","187","142","891","363","1343","76","164"
"03063","956","987","349","151","1173","270","1537","108","298"
"03064","565","650","132","114","707","262","1048","40","127"
"03065","658","709","105","123","858","281","1231","28","108"
"03066","1120","1220","285","239","1345","471","1958","81","301"
"03067","834","936","200","136","985","449","1474","49","247"
"03068","554","637","120","82","655","334","979","37","175"
"03069","579","621","127","91","669","313","1029","33","138"
"03070","661","676","133","125","766","313","1036","72","229"
"03071","639","689","146","148","775","259","1036","76","216"
"03072","696","765","157","124","884","296","1116","44","301"
"03073","774","820","163","123","960","348","1324","62","208"
"03074","842","965","198","141","1042","426","1452","78","277"
"03075","837","932","221","163","1031","354","1383","65","321"
"03076","509","590","118","81","617","283","847","46","206"
"03077","610","731","130","132","758","321","1073","66","202"
"03078","831","907","207","145","1072","314","1303","79","356"
"03079","846","966","202","183","1094","333","1306","92","414"
"03080","692","854","146","142","879","379","1262","51","233"
"03081","914","1044","200","194","1124","440","1501","75","382"
"03082","891","1035","199","185","1132","410","1511","89","326"
"03083","643","754","129","87","839","342","1156","62","179"
"03084","654","768","153","120","719","430","1237","47","138"
"03085","639","728","154","95","824","294","1097","65","205"
"03086","587","653","114","106","629","391","1102","55","83"
"03087","694","776","157","121","777","415","1228","44","198"
"03088","670","747","171","109","773","364","1154","86","177"
"03089","572","666","131","92","656","359","1093","56","89"
"03090","465","543","91","102","571","244","899","48","61"
"03091","732","769","163","153","929","256","1190","77","234"
"03092","570","655","140","101","753","231","992","82","151"
"03093","697","824","143","162","868","348","1333","47","141"
"03094","577","667","142","104","710","288","1064","60","120"
"03095","761","884","177","138","990","340","1289","109","247"
"03096","744","833","180","147","995","255","1173","104","300"
"03097","820","906","198","149","1166","213","1134","130","462"
"03098","712","735","168","150","895","234","1040","106","301"
"03099","441","527","121","78","594","175","790","56","122"
"03100","616","741","166","112","804","275","1009","108","240"
"03101","2529","1709","481","451","2889","417","1681","265","2292"
"03102","622","674","156","105","771","264","1004","60","232"
"03103","536","634","126","78","600","366","1027","37","106"
"03104","697","755","151","135","916","250","1075","116","261"
"03105","532","659","140","112","724","215","917","69","205"
"03106","597","676","150","106","813","204","959","122","192"
"03107","792","832","178","138","961","347","1279","71","274"
"03108","787","878","210","127","1013","315","1244","108","313"
"03109","763","798","178","135","987","261","1198","126","237"
"03110","700","807","169","118","912","308","1206","91","210"
"03111","596","705","177","86","776","262","1076","72","153"
"03112","873","982","208","151","1073","423","1558","82","215"
"03113","767","889","165","148","890","453","1323","86","247"
"03114","693","790","139","135","809","400","1245","93","145"
"03211","764","784","162","219","936","231","1315","18","215"
"03212","1158","1306","287","234","1290","653","1937","81","446"
"03213","1214","1272","320","303","1475","388","1816","72","598"
"04001","587","663","144","114","732","260","976","68","206"
"04002","921","1009","246","170","1034","480","1698","61","171"
"04003","508","551","121","79","562","297","925","31","103"
"04004","474","511","105","67","558","255","843","31","111"
"04005","553","667","144","96","653","327","1073","37","110"
"04006","502","600","129","91","569","313","968","34","100"
"04007","466","581","114","78","557","298","874","49","124"
"04008","456","524","104","70","551","255","829","23","128"
"04009","678","803","174","121","851","335","1238","67","176"
"04010","411","491","97","115","466","224","769","32","101"
"04011","812","915","233","133","832","529","1516","70","141"
"04012","651","754","126","117","742","420","1244","49","112"
"04013","570","654","133","103","650","338","1084","50","90"
"04014","385","457","91","78","425","248","735","24","83"
"04015","850","1030","193","154","1068","465","1658","65","157"
"04016","513","594","125","70","590","322","975","43","89"
"04017","563","665","167","74","631","356","1052","63","113"
"04018","696","840","180","167","784","405","1335","79","122"
"04019","644","713","177","149","685","346","1158","70","129"
"04020","691","801","211","157","755","369","1289","67","136"
"04021","600","705","158","135","663","349","1130","72","103"
"04022","766","840","160","143","885","418","1282","101","223"
"04023","479","551","129","125","482","294","892","40","98"
"04024","480","553","141","108","491","293","963","19","51"
"04025","530","642","162","96","669","245","1026","59","87"
"04026","543","675","148","85","631","354","1087","55","76"
"04027","615","714","175","113","765","276","1080","96","153"
"04028","628","714","174","100","690","378","1146","59","137"
"04029","510","617","140","76","553","358","1010","34","83"
"04030","834","1016","265","136","880","569","1634","81","135"
"04031","970","963","226","174","1113","420","1395","102","436"
"04032","697","839","179","115","819","423","1379","35","122"
"04033","534","624","140","91","616","311","1006","50","102"
"04034","715","763","159","116","690","513","1352","44","82"
"04035","625","751","169","97","697","413","1221","40","115"
"04036","774","944","233","145","893","447","1449","71","198"
"04037","956","1130","228","188","1080","590","1785","70","231"
"04038","589","676","132","100","654","379","1121","23","121"
"04039","561","632","144","101","703","245","994","47","152"
"04040","763","817","229","146","916","289","1232","71","277"
"04041","643","729","153","107","809","303","1076","53","243"
"04042","813","947","156","120","985","499","1439","59","262"
"04043","738","860","156","122","775","545","1480","36","82"
"04044","747","846","173","115","896","409","1393","54","146"
"04045","668","763","188","118","735","390","1205","65","161"
"04046","1166","1269","296","208","1159","772","2223","87","125"
"04047","870","994","237","180","968","479","1638","85","141"
"04048","694","794","154","130","782","422","1347","49","92"
"04049","533","614","167","145","567","268","976","67","104"
"04050","942","1048","320","182","903","585","1810","85","95"
"04051","726","913","238","188","814","399","1428","84","127"
"04052","985","1210","308","254","981","652","1893","125","177"
"04053","790","872","216","202","939","305","1176","151","335"
"04054","469","538","148","107","452","300","864","57","86"
"04055","728","774","254","202","683","363","1157","226","119"
"04056","829","930","269","243","863","384","1270","188","301"
"04084","625","734","183","124","625","427","1216","45","98"
"05001","890","885","304","205","1053","213","1465","199","111"
"05002","776","828","290","189","815","310","1373","163","68"
"05003","689","709","257","164","762","215","1199","124","75"
"05004","464","651","170","162","473","310","954","60","101"
"05005","620","633","190","216","594","253","919","148","186"
"05006","860","892","289","284","801","378","1448","186","118"
"05007","917","871","244","175","961","408","1427","145","216"
"05008","792","901","293","197","837","366","1475","114","104"
"05009","777","936","277","188","866","382","1474","130","109"
"05010","729","830","281","172","753","353","1354","118","87"
"05011","641","785","244","148","744","290","1248","90","88"
"05012","610","756","219","146","732","269","1196","83","87"
"05013","801","892","276","175","915","327","1480","125","88"
"05014","756","866","296","148","792","386","1362","151","109"
"05015","713","870","317","164","783","319","1373","119","91"
"05016","866","1024","373","205","961","351","1611","123","156"
"05017","723","852","267","190","766","352","1377","109","89"
"05018","564","681","191","146","604","304","1090","73","82"
"05019","782","924","308","195","814","389","1496","84","126"
"05020","539","628","147","134","633","253","1014","47","106"
"05021","611","697","226","184","637","261","1078","66","164"
"05022","771","985","292","185","816","463","1590","59","107"
"05023","685","822","247","148","779","333","1317","78","112"
"05024","896","1031","314","257","913","443","1703","116","108"
"05025","613","707","211","178","645","286","1157","47","116"
"05026","688","751","248","197","683","311","1323","62","54"
"05027","670","738","245","201","665","297","1286","68","54"
"05028","822","838","292","197","858","313","1462","87","111"
"05029","787","845","294","243","779","316","1504","68","60"
"05030","635","743","235","209","636","298","1296","32","50"
"05031","776","865","244","260","734","403","1435","101","105"
"05032","841","965","266","248","871","421","1437","149","220"
"05033","682","747","283","165","705","276","1209","97","123"
"05034","638","685","276","148","639","260","1038","70","215"
"05035","506","537","119","110","480","334","970","23","50"
"05036","820","922","290","238","818","396","1569","81","92"
"05037","639","819","229","197","701","331","1281","53","124"
"05038","620","746","163","141","754","308","1086","101","179"
"05039","718","814","265","179","693","395","1422","38","72"
"05040","640","784","217","144","782","281","1205","93","126"
"05041","947","1000","247","201","1148","351","1459","134","354"
"05042","600","687","159","126","703","299","1107","58","122"
"05043","654","793","197","153","817","280","1221","86","140"
"05044","583","739","216","120","723","263","1152","61","109"
"05045","724","913","273","219","813","332","1500","55","82"
"05046","502","648","152","131","503","364","1087","33","30"
"05047","563","693","224","143","630","259","1158","52","46"
"05048","557","694","181","155","642","273","1135","46","70"
"05049","742","918","243","222","822","373","1486","71","103"
"05050","754","872","221","184","873","348","1422","71","133"
"05051","737","862","236","237","774","352","1430","61","108"
"05052","635","802","219","195","699","324","1311","57","69"
"05053","694","790","186","221","724","353","1329","78","77"
"05054","461","586","135","142","516","254","907","62","78"
"05055","656","773","213","210","670","336","1278","54","97"
"05056","510","703","161","135","587","330","1022","71","120"
"05057","776","876","172","217","805","458","1429","66","157"
"05058","732","847","230","203","770","376","1303","114","162"
"05059","684","878","213","165","815","369","1329","103","130"
"05060","510","652","173","157","573","259","964","105","93"
"05061","641","837","151","120","891","316","1169","117","192"
"05062","712","930","223","205","855","359","1388","111","143"
"05063","709","877","241","153","848","344","1380","92","114"
"05064","700","910","205","173","884","348","1328","108","174"
"05065","773","919","237","181","914","360","1366","136","190"
"05066","601","737","161","169","692","316","1117","70","151"
"05067","571","698","171","135","644","319","1089","82","98"
"05068","685","821","214","139","835","318","1250","118","138"
"05069","823","946","273","179","990","327","1525","115","129"
"05070","643","808","188","153","790","320","1214","107","130"
"05071","719","927","217","167","920","342","1320","139","187"
"05072","770","976","251","190","904","401","1506","94","146"
"05073","726","891","201","155","900","361","1355","113","149"
"05074","785","908","231","206","853","403","1482","95","116"
"05075","817","1043","265","208","962","425","1586","135","139"
"05076","636","791","212","120","753","342","1235","91","101"
"05077","665","786","221","202","739","289","1297","70","84"
"05078","989","1132","347","285","1082","407","1887","106","128"
"05079","580","693","163","143","696","271","1089","79","105"
"05080","638","751","172","148","786","283","1153","118","118"
"05081","729","877","238","187","845","336","1337","105","164"
"05082","740","901","212","162","940","327","1373","126","142"
"05083","597","701","162","114","733","289","1106","95","97"
"05084","586","735","164","132","723","302","1091","113","117"
"05085","644","709","199","140","757","257","1098","114","141"
"05086","632","723","198","132","761","264","1119","112","124"
"05087","721","872","197","177","878","341","1347","87","159"
"05088","862","912","214","222","968","370","1487","98","189"
"05089","869","930","271","171","987","370","1497","136","166"
"05090","888","1024","244","177","1088","403","1532","197","183"
"05091","686","860","208","151","829","358","1318","121","107"
"05092","765","876","202","208","870","361","1435","80","126"
"05093","475","632","148","113","592","254","974","56","77"
"05094","1207","1515","411","326","1364","621","2381","157","184"
"05095","765","949","246","193","887","388","1442","100","172"
"05096","523","638","163","103","652","243","963","77","121"
"05097","772","869","279","156","886","320","1376","139","126"
"05098","708","886","189","152","890","363","1285","113","196"
"06001","534","718","151","107","698","296","962","121","169"
"06002","691","819","168","142","833","367","1189","105","216"
"06003","1120","1194","305","176","1353","480","1847","198","269"
"06004","711","740","174","125","825","327","1225","90","136"
"06006","490","540","141","110","544","235","913","57","60"
"06007","878","995","274","179","1087","333","1607","95","171"
"06008","889","1106","251","194","1079","471","1667","112","216"
"06009","611","699","204","142","681","283","1130","92","88"
"06010","507","566","130","99","558","286","891","58","124"
"06011","621","686","160","145","667","335","1173","63","71"
"06012","562","619","145","97","603","336","981","91","109"
"06013","839","964","204","172","1081","346","1422","138","243"
"06014","663","791","177","124","770","383","1217","90","147"
"06015","678","758","187","118","858","273","1161","69","206"
"06016","759","858","218","158","964","277","1266","95","256"
"06017","643","715","175","120","775","288","1137","95","126"
"06018","625","692","152","80","822","263","1010","170","137"
"06019","707","796","181","146","869","307","1216","115","172"
"06020","538","624","134","82","667","279","914","78","170"
"06021","643","751","204","125","720","345","1180","79","135"
"06022","709","685","153","194","736","311","1085","120","189"
"06023","593","706","160","98","622","419","1216","43","40"
"06024","775","955","229","136","909","456","1460","113","157"
"06025","636","765","181","122","712","386","1282","37","82"
"06026","476","556","107","77","566","282","863","67","102"
"06027","528","682","151","117","638","304","1022","71","117"
"06028","656","698","160","100","836","258","1061","121","172"
"06029","596","682","122","90","734","332","1030","115","133"
"06030","636","692","148","89","844","247","1026","155","147"
"06031","496","603","93","71","705","230","859","139","101"
"06032","511","642","148","73","687","245","965","93","95"
"06033","593","731","139","112","804","269","1068","144","112"
"06034","555","682","139","81","739","278","999","111","127"
"06035","486","579","105","93","606","261","875","94","96"
"06036","655","849","162","153","784","405","1220","112","172"
"06037","536","599","161","122","607","245","910","110","115"
"06038","646","838","172","132","874","306","1201","167","116"
"06039","733","863","168","105","1066","257","1153","247","196"
"06040","718","962","176","141","980","383","1302","191","187"
"06041","780","937","221","168","992","336","1359","183","175"
"06042","801","897","240","144","1015","299","1316","184","198"
"06043","588","675","162","130","740","231","905","177","181"
"06044","718","826","182","158","905","299","1132","176","236"
"06045","595","683","149","87","854","188","891","192","195"
"06046","539","607","125","92","734","195","832","168","146"
"06047","556","678","126","97","821","190","865","218","151"
"06048","641","750","140","118","916","217","930","215","246"
"06049","512","643","137","96","707","215","850","144","161"
"06050","613","703","148","84","873","211","930","197","189"
"06051","538","697","145","104","768","218","913","154","168"
"06052","673","827","159","124","926","291","1147","196","157"
"06053","690","820","183","109","928","290","1144","194","172"
"06054","784","824","202","106","1034","266","1190","209","209"
"06055","649","810","171","102","916","270","1135","152","172"
"06056","712","840","163","111","1067","211","1136","244","172"
"06057","668","863","157","103","1002","269","1121","202","208"
"06058","772","938","168","117","1144","281","1251","195","264"
"06059","698","808","159","121","912","314","1217","158","131"
"06060","829","942","187","151","1125","308","1363","213","195"
"06061","612","687","130","91","808","270","1039","120","140"
"06062","559","654","134","97","709","273","965","110","138"
"06063","685","805","176","128","915","271","1149","151","190"
"06064","869","1056","230","166","1090","439","1571","169","185"
"06065","543","625","138","97","639","294","996","82","90"
"06066","423","547","113","46","593","218","796","88","86"
"06067","799","980","179","134","1121","345","1371","196","212"
"06068","685","865","173","135","907","335","1247","149","154"
"06069","489","574","105","85","644","229","852","98","113"
"06070","807","1046","208","128","1107","410","1440","147","266"
"06071","510","583","95","119","625","254","889","72","132"
"06072","748","886","176","145","861","452","1409","93","132"
"06073","621","748","105","115","781","368","1160","75","134"
"06074","569","591","127","102","700","231","890","107","163"
"06075","515","571","111","82","547","346","960","47","79"
"06076","633","668","157","98","653","393","1121","62","118"
"06077","540","659","140","104","738","217","961","67","171"
"06078","613","699","140","101","835","236","1002","140","170"
"06079","496","639","133","94","646","262","925","106","104"
"06080","561","635","138","105","633","320","1018","65","113"
"06081","603","735","155","98","790","295","1094","104","140"
"06082","1300","1387","307","245","1702","433","1804","226","657"
"06083","842","905","192","127","961","467","1529","94","124"
"06084","683","835","181","119","892","326","1269","94","155"
"06085","557","695","147","119","658","328","1083","86","83"
"06086","470","524","120","64","539","271","890","52","52"
"06087","871","1026","215","131","894","657","1728","47","122"
"06088","551","695","149","104","665","328","1091","67","88"
"07001","715","881","163","123","767","543","1432","49","115"
"07002","518","636","112","82","650","310","1008","52","94"
"07003","601","718","184","111","749","275","1061","86","172"
"07004","710","819","159","134","892","344","1159","98","272"
"07005","705","772","173","98","882","324","1222","81","174"
"07006","452","515","83","72","529","283","846","45","76"
"07007","638","786","132","110","746","436","1171","79","174"
"07008","679","747","129","116","732","449","1256","53","117"
"07009","526","665","111","108","721","251","969","70","152"
"07010","649","719","152","120","819","277","1075","81","212"
"07011","548","617","105","99","692","269","863","106","196"
"07012","718","843","177","115","900","369","1269","118","174"
"07013","569","647","95","112","673","336","1076","38","102"
"07014","405","479","82","68","506","228","695","66","123"
"07015","696","757","167","124","807","355","1241","58","154"
"07016","669","698","163","136","742","326","1197","89","81"
"07017","790","949","212","158","995","374","1436","122","181"
"07018","770","950","247","130","970","373","1422","71","227"
"07019","713","803","162","129","861","364","1241","80","195"
"07020","810","933","229","162","1002","350","1338","118","287"
"07021","508","533","113","84","567","277","899","72","70"
"07022","547","613","136","105","648","271","1003","31","126"
"07023","660","664","159","122","802","241","1078","83","163"
"07024","685","791","161","133","854","328","1219","90","167"
"07025","683","764","173","112","881","281","1140","96","211"
"07026","511","602","118","74","605","316","927","78","108"
"07027","1013","1131","308","239","1183","414","1715","114","315"
"07028","715","761","179","147","910","240","1169","96","211"
"07029","626","673","128","105","710","356","1078","75","146"
"07030","628","776","180","109","792","323","1123","48","233"
"07031","763","843","202","150","940","314","1276","87","243"
"07032","711","756","173","144","842","308","1219","61","187"
"07033","686","785","173","130","832","336","1241","79","151"
"07034","875","975","276","168","1050","356","1593","83","174"
"07035","823","945","210","166","989","403","1527","91","150"
"07036","641","784","156","118","798","353","1233","57","135"
"07037","700","812","165","144","847","356","1246","70","196"
"07038","594","671","119","125","678","343","1066","63","136"
"07039","758","894","170","160","1019","303","1331","116","205"
"07040","666","823","178","121","878","312","1218","96","175"
"07041","641","721","157","105","828","272","1051","79","232"
"07042","676","834","185","102","889","334","1286","46","178"
"07043","667","763","172","134","816","308","1163","72","195"
"07044","611","700","125","108","725","353","1120","61","130"
"07045","792","838","221","136","916","357","1337","73","220"
"07046","662","765","175","98","745","409","1179","53","195"
"07047","718","770","158","124","884","322","1209","81","198"
"07048","604","726","153","129","741","307","1111","67","152"
"07049","585","649","131","101","678","324","1029","54","151"
"07050","568","650","147","102","747","222","961","77","180"
"07051","822","981","232","173","1041","357","1482","99","222"
"07052","613","648","184","101","623","353","1136","75","50"
"07053","682","792","183","129","801","361","1337","45","92"
"07054","732","833","233","161","823","348","1423","53","89"
"07055","554","635","154","135","562","338","1145","19","25"
"07056","595","621","150","123","665","278","1063","55","98"
"07057","676","749","175","159","782","309","1288","24","113"
"07058","654","716","177","123","738","332","1268","47","55"
"07059","647","696","155","106","793","289","1051","109","183"
"07060","916","959","212","172","1113","378","1572","100","203"
"07061","598","624","154","128","666","274","1074","38","110"
"07062","654","713","193","124","802","248","1099","63","205"
"07063","705","756","210","127","806","318","1226","38","197"
"07064","802","908","205","172","955","378","1395","54","261"
"07065","843","934","218","174","1016","369","1309","87","381"
"07066","873","961","242","160","1046","386","1395","75","364"
"07067","736","837","211","152","908","302","1211","67","295"
"07068","631","724","182","138","768","267","1026","54","275"
"07069","696","767","166","137","823","337","1158","42","263"
"07070","684","776","174","167","807","312","1152","32","276"
"07071","642","721","154","116","712","381","1172","34","157"
"07072","661","743","158","154","781","311","1159","53","192"
"07073","526","640","138","89","632","307","904","26","236"
"07074","819","915","220","188","946","380","1417","29","288"
"07075","600","639","131","123","675","310","982","32","225"
"07076","671","730","172","127","753","349","1151","48","202"
"07077","662","703","167","148","779","271","1092","33","240"
"07078","693","724","187","106","821","303","1162","64","191"
"07079","708","776","183","134","778","389","1171","48","265"
"07080","868","966","294","165","1054","321","1518","60","256"
"07081","970","1019","208","198","1127","456","1693","55","241"
"07082","622","672","140","152","734","268","1068","63","163"
"07083","669","725","167","132","773","322","1120","43","231"
"07084","673","698","161","135","799","276","1057","71","243"
"07085","620","639","149","130","729","251","1077","41","141"
"07086","703","763","170","123","864","309","1172","55","239"
"07087","739","864","196","136","900","371","1338","52","213"
"07088","812","867","232","201","974","272","1320","64","295"
"07089","609","749","149","135","698","376","1170","53","135"
"07090","719","766","225","137","807","316","1295","52","138"
"07091","577","654","137","137","669","288","1014","48","169"
"07092","694","868","168","143","849","402","1107","38","417"
"07093","893","900","216","251","902","424","1406","47","340"
"07094","574","695","142","101","701","325","1064","32","173"
"07095","724","817","187","161","863","330","1296","50","195"
"07096","622","797","154","151","808","306","1172","71","176"
"07097","380","502","90","57","391","344","771","31","80"
"07098","1011","1168","327","232","1152","468","1995","77","107"
"07099","494","542","74","105","641","216","977","13","46"
"07100","561","659","126","93","584","417","1047","36","137"
"07101","690","801","149","108","715","519","1249","39","203"
"07102","360","335","121","58","432","84","585","29","81"
"07103","766","836","180","266","861","295","1155","76","371"
"07104","742","839","210","134","843","394","1356","47","178"
"07105","491","556","118","90","550","289","968","20","59"
"07106","546","635","150","100","611","320","1086","8","87"
"07107","569","631","141","109","626","324","1114","28","58"
"07108","587","656","131","119","666","327","1132","29","82"
"07109","786","878","200","128","889","447","1428","51","185"
"07110","451","587","110","92","474","362","940","17","81"
"07111","393","506","94","73","395","337","845","20","34"
"07112","634","682","155","123","739","299","1157","37","122"
"07113","577","642","161","136","718","204","1055","18","146"
"07114","556","646","147","113","675","267","1109","28","65"
"07115","480","555","105","110","551","269","966","32","37"
"07116","689","829","221","130","834","333","1359","38","121"
"07117","1465","1363","397","298","1826","307","1259","107","1462"
"07118","577","692","180","123","652","314","1120","25","124"
"07119","592","675","155","118","740","254","1048","42","177"
"07120","570","701","131","94","680","366","1065","25","181"
"07121","518","648","125","104","604","333","946","29","191"
"07122","599","738","160","100","703","374","1175","23","139"
"07123","673","752","163","156","754","352","1255","22","148"
"08001","583","675","128","103","673","354","1125","17","116"
"08002","581","685","157","122","653","334","1159","27","80"
"08003","567","642","122","109","644","334","1035","32","142"
"08004","642","790","168","127","773","364","1126","31","275"
"08005","539","611","102","120","609","319","995","28","127"
"08006","760","841","197","169","882","353","1314","59","228"
"08007","540","665","123","99","611","372","1056","30","119"
"08008","763","892","180","146","903","426","1375","56","224"
"08009","852","942","215","169","1063","347","1436","70","288"
"08010","500","606","112","107","620","267","973","15","118"
"08011","546","640","149","125","638","274","1039","31","116"
"08012","576","748","138","130","751","305","1132","42","150"
"08013","529","650","139","106","609","325","1008","25","146"
"08014","604","701","152","159","731","263","1063","38","204"
"08015","644","835","175","139","844","321","1142","38","299"
"08016","514","630","153","97","574","320","954","25","165"
"08017","654","732","168","112","716","390","1173","33","180"
"08018","718","808","152","138","847","389","1291","29","206"
"08019","827","988","216","146","1054","399","1377","59","379"
"08020","649","742","161","117","796","317","1107","27","257"
"08021","676","798","166","132","812","364","1216","35","223"
"08022","584","679","121","109","727","306","1048","26","189"
"08023","649","740","187","133","791","278","1098","48","243"
"08024","619","743","147","122","743","350","1133","28","201"
"08025","524","670","140","111","653","290","950","41","203"
"08026","653","749","199","127","734","342","1161","38","203"
"08027","700","713","203","100","758","352","1261","36","116"
"08028","493","602","116","81","571","327","940","23","132"
"08029","714","818","203","170","850","309","1343","24","165"
"08030","707","783","214","140","822","314","1182","46","262"
"08031","612","696","156","115","627","410","1130","22","156"
"08032","598","710","151","109","692","356","1112","32","164"
"08033","682","772","184","137","808","325","1145","36","273"
"08034","554","737","165","112","670","344","947","21","323"
"08035","2274","2120","439","479","2993","483","1665","112","2617"
"08036","719","840","186","143","893","337","1196","27","336"
"08037","698","893","187","138","865","401","1276","25","290"
"08038","728","851","215","171","896","297","1197","24","358"
"08039","738","814","206","130","844","372","1193","28","331"
"08040","905","1005","303","168","1124","315","1525","28","357"
"08041","1261","1346","465","315","1516","311","1619","50","938"
"08042","562","708","132","103","603","432","1103","8","159"
"08043","499","654","130","125","593","305","1026","14","113"
"08044","619","699","168","126","771","253","993","34","291"
"08045","875","912","256","172","1073","286","1247","57","483"
"08046","648","802","175","141","830","304","1116","31","303"
"08047","760","871","236","174","901","320","1112","38","481"
"08048","458","528","131","93","527","235","876","9","101"
"08049","590","661","168","125","691","267","1105","17","129"
"08050","664","754","146","118","689","465","1281","30","107"
"08051","645","691","218","125","735","258","1249","18","69"
"08052","409","509","107","71","482","258","810","17","91"
"08053","537","626","133","102","541","387","1071","23","69"
"08054","747","926","157","156","812","548","1520","29","124"
"08055","871","968","184","157","794","704","1700","26","113"
"08056","705","780","151","150","791","393","1289","25","171"
"08057","619","720","140","135","697","367","1159","28","152"
"08058","750","858","173","160","885","390","1388","34","186"
"08059","471","528","122","94","551","232","894","12","93"
"08060","537","653","131","92","586","381","1118","13","59"
"08061","801","853","191","152","869","442","1534","19","101"
"08062","546","600","96","110","582","358","1091","8","47"
"08063","508","564","82","83","474","433","1022","8","42"
"08064","843","927","239","159","949","423","1630","26","114"
"08065","911","882","333","224","1005","231","1377","60","356"
"08066","796","828","266","201","933","224","1257","51","316"
"08067","863","916","242","216","999","322","1423","43","313"
"08068","936","1032","295","220","1097","356","1408","39","521"
"08069","752","825","201","158","920","298","1149","41","387"
"08070","708","789","224","156","850","267","1085","41","371"
"08071","850","910","235","189","986","350","1361","26","373"
"08072","562","658","166","129","617","308","985","32","203"
"08073","830","940","242","174","1070","284","1228","61","481"
"08074","766","798","244","164","892","264","1110","41","413"
"08075","889","1049","266","188","1091","393","1425","43","470"
"08076","729","872","181","131","827","462","1297","34","270"
"08077","672","780","208","158","801","285","1233","17","202"
"08078","737","846","184","145","945","309","1159","52","372"
"08079","689","776","198","153","854","260","1081","42","342"
"08080","763","812","203","177","846","349","1178","43","354"
"08081","814","888","284","182","973","263","1173","48","481"
"08082","729","890","188","155","887","389","1245","31","343"
"08083","625","729","182","114","761","297","993","47","314"
"08084","528","641","147","98","606","318","976","15","178"
"08085","716","766","180","167","862","273","1148","36","298"
"08086","786","918","204","166","928","406","1363","54","287"
"08087","586","678","163","103","680","318","1036","17","211"
"08088","604","687","161","120","721","289","1050","29","212"
"08089","573","653","166","103","676","281","969","29","228"
"08090","563","652","148","106","644","317","1006","17","192"
"08091","565","663","110","121","653","344","1005","24","199"
"08092","483","533","117","85","489","325","870","10","136"
"08093","630","650","168","128","679","305","1102","10","168"
"08094","693","767","120","149","667","524","1301","25","134"
"08095","518","558","109","107","517","343","988","16","72"
"08096","732","812","214","155","858","317","1293","35","216"
"08097","642","715","184","156","735","282","1145","22","190"
"08098","610","674","157","146","711","270","1052","26","206"
"08099","714","768","197","157","857","271","1142","58","282"
"08100","594","724","157","118","746","297","1071","34","213"
"08101","825","949","233","148","924","469","1497","21","256"
"08102","682","902","171","146","822","445","1186","25","373"
"08103","830","851","260","160","1023","238","1135","38","508"
"08104","615","669","164","148","750","222","972","30","282"
"08105","693","796","201","172","832","284","1149","23","317"
"08106","628","666","185","176","708","225","852","34","408"
"08107","932","1035","249","205","1138","375","1685","16","266"
"08108","968","973","347","245","1126","223","1466","60","415"
"08109","496","485","146","122","541","172","861","13","107"
"08110","1003","1025","383","251","1138","256","1270","42","716"
"08111","817","893","275","209","940","286","1161","35","514"
"08112","879","886","306","200","973","286","1176","27","562"
"08113","880","915","307","223","928","337","1258","25","512"
"08114","1012","1041","335","234","1107","377","1413","33","607"
"08115","863","903","289","188","986","303","1145","33","588"
"08116","704","743","260","156","788","243","1202","36","209"
"08215","682","887","291","133","826","319","1290","49","230"
"09001","1453","1322","534","329","1588","324","1630","75","1070"
"09002","1076","1084","355","260","1229","316","1413","71","676"
"09003","1146","1061","383","246","1206","372","1488","74","645"
"09004","805","786","220","185","909","277","1122","36","433"
"09005","867","903","279","177","1027","287","1447","57","266"
"09006","634","645","208","119","727","225","1106","27","146"
"09007","661","717","214","175","782","207","1132","15","231"
"09008","952","937","514","186","1080","109","1744","34","111"
"09009","699","738","258","144","706","329","1312","19","106"
"09010","871","944","219","187","958","451","1661","14","140"
"09011","826","860","239","185","911","351","1469","24","193"
"09013","967","1068","345","241","1158","291","1566","38","431"
"09014","1692","1373","379","326","2004","356","1579","104","1382"
"09015","890","949","251","203","1076","309","1406","55","378"
"09016","630","729","126","122","802","309","1289","17","53"
"09017","740","805","212","178","872","283","1392","35","118"
"09018","716","790","206","130","811","359","1424","18","64"
"09019","1329","1401","414","225","1582","509","2547","54","129"
"09020","524","623","106","96","599","346","1053","17","77"
"09021","655","719","161","114","760","339","1233","42","99"
"09022","614","666","164","121","698","297","1157","30","93"
"09023","607","620","166","116","707","238","1124","39","64"
"09024","521","658","164","97","629","289","1092","22","65"
"09025","556","665","166","98","699","258","1083","32","106"
"09026","740","830","175","123","872","400","1423","34","113"
"09027","624","684","116","108","692","392","1220","18","70"
"09028","780","835","328","190","891","206","1584","14","17"
"09029","545","597","125","94","602","321","1035","22","85"
"09030","683","779","259","118","795","290","1382","19","61"
"09031","591","608","214","164","621","200","1131","19","49"
"09032","1043","1183","430","224","1287","285","1926","47","253"
"09033","1562","1671","409","252","1895","677","2773","94","366"
"09034","660","761","141","125","733","422","1218","26","177"
"09035","763","845","186","135","894","393","1401","39","168"
"09036","661","754","148","120","734","413","1319","23","73"
"09037","794","798","180","181","870","361","1251","21","320"
"09038","817","950","270","141","977","379","1617","28","122"
"09039","732","825","175","128","911","343","1419","33","105"
"09040","744","844","249","126","902","311","1407","42","139"
"09041","632","744","175","124","738","339","1262","38","76"
"09042","578","694","137","93","739","303","1129","35","108"
"09043","613","727","159","116","731","334","1153","53","134"
"09044","736","763","190","144","841","324","1338","43","118"
"09045","662","769","191","120","781","339","1312","19","100"
"09046","633","698","159","92","755","325","1207","34","90"
"09047","764","850","207","133","966","308","1458","38","118"
"09048","643","747","167","109","731","383","1267","27","96"
"09049","613","719","157","111","733","331","1116","21","195"
"09050","743","815","190","126","882","360","1367","48","143"
"09051","604","647","141","113","691","306","1094","53","104"
"09052","553","633","133","93","677","283","1061","41","84"
"09053","737","860","199","123","849","426","1433","53","111"
"09054","504","599","115","95","572","321","987","23","93"
"09055","833","938","240","128","867","536","1466","41","264"
"09056","566","614","93","71","598","418","1036","21","123"
"09057","801","878","186","169","926","398","1304","71","304"
"09058","702","828","263","149","867","251","1322","40","168"
"09059","678","734","188","116","765","343","1229","46","137"
"09060","620","749","149","126","778","316","1182","43","144"
"09061","811","860","261","188","877","345","1500","36","135"
"09062","590","639","179","103","723","224","1038","49","142"
"09063","550","603","132","97","680","244","1027","45","81"
"09064","555","626","120","89","670","302","1061","24","96"
"09065","981","1139","227","195","1179","519","1722","62","336"
"09066","696","763","181","118","833","327","1295","44","120"
"09067","703","846","175","124","900","350","1239","55","255"
"09068","775","811","196","135","882","373","1391","44","151"
"09069","404","504","107","80","467","254","783","7","118"
"09070","781","953","192","161","963","418","1320","57","357"
"09071","880","1052","207","157","1074","494","1542","53","337"
"09072","694","820","186","126","854","348","1129","71","314"
"09073","722","798","123","128","869","400","1334","36","150"
"09074","785","899","212","163","924","385","1436","72","176"
"09075","766","838","198","156","920","330","1274","49","281"
"09076","678","813","194","109","893","295","1261","44","186"
"09077","731","908","207","140","924","368","1391","62","186"
"09078","676","768","151","136","854","303","1187","50","207"
"09079","795","875","183","160","936","391","1419","48","203"
"09080","652","717","155","110","770","334","1152","60","157"
"09081","824","940","226","154","999","385","1474","54","236"
"09082","963","1078","282","185","1223","351","1640","104","297"
"09083","754","849","207","141","863","392","1341","65","197"
"09084","840","931","206","143","1039","383","1453","97","221"
"09085","832","966","199","170","1043","386","1489","84","225"
"09086","667","796","177","150","806","330","1179","58","226"
"09087","630","679","141","114","691","363","1091","65","153"
"09088","875","1061","225","142","1053","516","1601","66","269"
"09089","684","827","179","108","830","394","1224","54","233"
"09090","738","872","173","132","872","433","1305","77","228"
"09091","893","1019","201","180","1058","473","1579","49","284"
"09092","938","1016","199","181","1095","479","1651","64","239"
"09093","603","715","128","125","732","333","1149","48","121"
"09094","995","1079","199","215","1199","461","1710","95","269"
"09095","1019","1118","268","201","1251","417","1735","95","307"
"09156","591","673","148","68","581","467","1127","34","103"
"10001","795","830","166","146","957","356","1225","106","294"
"10002","857","911","193","135","1122","318","1389","154","225"
"10003","766","830","180","154","938","324","1282","85","229"
"10004","717","872","209","105","863","412","1297","84","208"
"10005","753","937","158","118","959","455","1407","66","217"
"10006","887","1001","217","156","1103","412","1535","107","246"
"10007","630","679","135","96","669","409","1160","54","95"
"10008","785","951","165","139","966","466","1311","122","303"
"10009","763","870","149","119","972","393","1262","140","231"
"10010","822","932","182","143","1055","374","1320","126","308"
"10011","544","632","103","90","707","276","961","84","131"
"10012","865","967","193","157","1031","451","1437","125","270"
"10013","630","762","160","114","805","313","1109","98","185"
"10014","712","816","148","121","933","326","1100","155","273"
"10015","938","1025","205","147","1169","442","1465","144","354"
"10016","607","639","110","98","720","318","981","78","187"
"10017","772","923","182","142","911","460","1301","93","301"
"10018","684","771","165","119","904","267","1034","139","282"
"10019","737","862","154","104","939","402","1316","92","191"
"10020","707","777","158","115","789","422","1194","62","228"
"10021","667","709","151","128","796","301","1097","78","201"
"10022","636","752","139","137","862","250","1069","102","217"
"10023","658","797","154","141","800","360","1160","109","186"
"10024","715","746","192","134","867","268","1179","76","206"
"10025","620","752","155","116","815","286","1078","89","205"
"10026","740","802","202","136","911","293","1173","106","263"
"10027","712","794","157","144","843","362","1314","63","129"
"10028","878","931","182","211","1070","346","1491","63","255"
"10029","699","752","184","130","822","315","1223","82","146"
"10030","831","939","212","144","936","478","1558","62","150"
"10031","757","804","159","93","964","345","1242","103","216"
"10032","672","717","161","136","895","197","1179","93","117"
"10033","385","484","51","92","402","324","826","20","23"
"10034","816","896","224","131","867","490","1481","56","175"
"10035","984","1026","293","246","1116","355","1881","43","86"
"10036","719","722","221","193","897","130","1217","106","118"
"10037","507","562","128","93","651","197","776","80","213"
"10038","750","837","163","149","984","291","1253","157","177"
"10039","895","992","244","176","1159","308","1384","215","288"
"10040","919","954","194","164","1102","413","1402","115","356"
"10041","799","877","204","142","963","367","1285","129","262"
"10042","1444","1601","562","191","1848","444","2317","259","469"
"10043","1194","1193","335","286","1530","236","1498","367","522"
"10044","732","815","149","114","860","424","1227","161","159"
"10045","639","687","152","102","775","297","1066","137","123"
"10046","580","636","105","73","684","354","968","103","145"
"10047","846","916","141","133","1049","439","1326","188","248"
"10048","838","860","212","163","996","327","1273","212","213"
"10049","652","652","144","110","710","340","1077","103","124"
"10050","727","837","146","138","907","373","1315","94","155"
"10051","780","838","223","146","924","325","1277","183","158"
"10052","1206","1206","367","298","1495","252","1906","309","197"
"10053","857","887","197","223","997","327","1449","184","111"
"10054","459","505","131","135","548","150","772","107","85"
"10055","1309","1328","339","409","1418","471","2100","329","208"
"10056","946","945","271","130","1279","211","1263","328","300"
"10057","717","736","198","88","926","241","1041","215","197"
"10058","580","573","152","77","740","184","869","130","154"
"10059","843","922","246","123","1108","288","1232","299","234"
"10060","838","833","220","158","1105","188","1155","244","272"
"10061","858","928","236","136","980","434","1503","153","130"
"10062","747","783","204","153","883","290","1279","125","126"
"10063","578","617","138","97","687","273","996","110","89"
"10064","830","887","238","142","1063","274","1284","238","195"
"10065","758","836","236","118","976","264","1295","179","120"
"10066","1057","1082","337","235","1211","356","1709","215","215"
"10067","918","997","384","247","1116","168","1580","202","133"
"10068","827","843","312","192","974","192","1423","139","108"
"10069","1316","1442","587","208","1628","335","2192","280","286"
"10070","776","867","187","144","1021","291","1305","176","162"
"10071","890","943","243","191","1065","334","1619","117","97"
"10072","1004","1018","332","188","1191","311","1563","229","230"
"10073","714","766","178","130","782","390","1258","87","135"
"10074","820","882","219","155","1026","302","1295","181","226"
"10075","768","796","192","154","916","302","1223","150","191"
"10076","1089","1146","474","91","1544","126","1917","127","191"
"10077","926","928","356","216","1074","208","1533","186","135"
"10078","1207","1239","530","244","1421","251","1933","267","246"
"10079","844","911","241","201","979","334","1489","121","145"
"10080","1117","1138","512","238","1266","239","1367","379","509"
"10081","1074","1070","311","211","1268","354","1447","116","581"
"10082","1020","954","357","230","1164","223","1078","68","828"
"10083","1293","1006","435","300","1335","229","1138","44","1117"
"10084","828","827","237","178","983","257","1056","55","544"
"10085","1093","1035","354","247","1213","314","1315","68","745"
"10086","997","979","286","232","1130","328","1407","54","515"
"10087","941","952","285","207","1057","344","1328","57","508"
"10088","839","859","189","180","976","353","1461","28","209"
"10089","2611","1634","541","450","2891","363","1631","313","2301"
"10090","708","780","199","159","869","261","1081","59","348"
"10091","975","1013","246","190","1088","464","1587","88","313"
"10092","684","781","110","113","788","454","1279","34","152"
"10093","514","551","89","80","553","343","965","28","72"
"10094","1534","1520","627","174","2013","240","2219","353","482"
"10095","645","649","184","108","822","180","1048","82","164"
"10096","767","876","267","159","983","234","1293","160","190"
"10097","745","843","266","140","885","297","1369","112","107"
"10098","857","953","181","206","1122","301","1650","71","89"
"10099","536","612","154","142","651","201","1037","13","98"
"10100","794","900","247","123","943","381","1325","115","254"
"10101","850","824","270","159","1004","241","1208","132","334"
"10102","1242","1378","313","238","1441","628","2167","84","369"
"10103","1034","1158","209","185","1136","662","1939","60","193"
"10104","747","837","139","129","1013","303","1473","26","85"
"10105","1033","1196","241","269","1243","476","1966","50","213"
"10106","479","545","99","91","533","301","905","21","98"
"10107","752","807","206","137","936","280","1384","71","104"
"10108","599","706","129","82","627","467","1178","31","96"
"10109","776","884","223","141","843","453","1368","46","246"
"10110","752","934","193","175","916","402","1406","41","239"
"10111","618","690","155","121","698","334","1081","34","193"
"10112","739","802","169","128","730","514","1399","27","115"
"10113","565","620","145","128","705","207","958","53","174"
"10114","709","769","197","135","854","292","1155","50","273"
"10115","666","746","149","110","792","361","1145","68","199"
"10116","858","1020","245","136","1002","495","1507","86","285"
"10117","599","676","131","105","636","403","1107","37","131"
"10118","466","532","124","98","464","312","935","10","53"
"10119","528","632","126","80","635","319","969","25","166"
"10120","655","807","152","154","812","344","1160","65","237"
"10121","737","841","218","121","916","323","1292","67","219"
"10122","710","773","134","139","800","410","1345","30","108"
"10123","654","703","153","131","699","374","1180","51","126"
"10124","530","575","129","95","616","265","990","21","94"
"10125","518","553","116","91","513","351","955","20","96"
"10126","487","533","97","97","536","290","925","4","91"
"10127","495","506","160","100","557","184","910","22","69"
"10128","725","854","167","116","800","496","1451","29","99"
"10129","561","603","92","129","649","294","1069","14","81"
"10130","567","626","133","94","646","320","986","49","158"
"10131","523","603","80","87","618","341","1048","10","68"
"10132","584","687","161","104","651","355","1066","27","178"
"10133","812","910","185","152","859","526","1407","64","251"
"10134","682","879","179","133","776","473","1315","51","195"
"10135","596","653","181","110","616","342","1071","28","150"
"10136","638","726","136","125","627","476","1179","19","166"
"10137","774","818","176","145","838","433","1318","48","226"
"10138","762","856","233","158","922","305","1294","51","273"
"10139","825","886","220","148","944","399","1305","45","361"
"10140","813","878","200","180","945","366","1288","39","364"
"10141","541","592","142","111","591","289","991","22","120"
"10142","784","846","207","146","925","352","1319","41","270"
"10143","818","916","204","191","941","398","1407","52","275"
"10234","847","1019","178","168","1042","478","1601","75","190"
"10235","620","702","142","82","699","399","1094","72","156"
"10236","756","858","157","115","764","578","1334","86","194"
"10237","419","512","103","90","521","217","774","26","131"
